<?xml version="1.0" encoding="UTF-8"?>
<spirit:component xmlns:xilinx="http://www.xilinx.com" xmlns:spirit="http://www.spiritconsortium.org/XMLSchema/SPIRIT/1685-2009" xmlns:xsi="http://www.w3.org/2001/XMLSchema-instance">
  <spirit:vendor>xilinx.com</spirit:vendor>
  <spirit:library>user</spirit:library>
  <spirit:name>Top</spirit:name>
  <spirit:version>1.0</spirit:version>
  <spirit:busInterfaces>
    <spirit:busInterface>
      <spirit:name>rst</spirit:name>
      <spirit:busType spirit:vendor="xilinx.com" spirit:library="signal" spirit:name="reset" spirit:version="1.0"/>
      <spirit:abstractionType spirit:vendor="xilinx.com" spirit:library="signal" spirit:name="reset_rtl" spirit:version="1.0"/>
      <spirit:slave/>
      <spirit:portMaps>
        <spirit:portMap>
          <spirit:logicalPort>
            <spirit:name>RST</spirit:name>
          </spirit:logicalPort>
          <spirit:physicalPort>
            <spirit:name>rst</spirit:name>
          </spirit:physicalPort>
        </spirit:portMap>
      </spirit:portMaps>
    </spirit:busInterface>
    <spirit:busInterface>
      <spirit:name>clk</spirit:name>
      <spirit:busType spirit:vendor="xilinx.com" spirit:library="signal" spirit:name="clock" spirit:version="1.0"/>
      <spirit:abstractionType spirit:vendor="xilinx.com" spirit:library="signal" spirit:name="clock_rtl" spirit:version="1.0"/>
      <spirit:slave/>
      <spirit:portMaps>
        <spirit:portMap>
          <spirit:logicalPort>
            <spirit:name>CLK</spirit:name>
          </spirit:logicalPort>
          <spirit:physicalPort>
            <spirit:name>clk</spirit:name>
          </spirit:physicalPort>
        </spirit:portMap>
      </spirit:portMaps>
      <spirit:parameters>
        <spirit:parameter>
          <spirit:name>ASSOCIATED_RESET</spirit:name>
          <spirit:value spirit:id="BUSIFPARAM_VALUE.CLK.ASSOCIATED_RESET">rst</spirit:value>
        </spirit:parameter>
      </spirit:parameters>
    </spirit:busInterface>
  </spirit:busInterfaces>
  <spirit:model>
    <spirit:views>
      <spirit:view>
        <spirit:name>xilinx_anylanguagesynthesis</spirit:name>
        <spirit:displayName>Synthesis</spirit:displayName>
        <spirit:envIdentifier>:vivado.xilinx.com:synthesis</spirit:envIdentifier>
        <spirit:language>Verilog</spirit:language>
        <spirit:modelName>Top</spirit:modelName>
        <spirit:fileSetRef>
          <spirit:localName>xilinx_anylanguagesynthesis_view_fileset</spirit:localName>
        </spirit:fileSetRef>
        <spirit:parameters>
          <spirit:parameter>
            <spirit:name>viewChecksum</spirit:name>
            <spirit:value>c3706619</spirit:value>
          </spirit:parameter>
        </spirit:parameters>
      </spirit:view>
      <spirit:view>
        <spirit:name>xilinx_anylanguagebehavioralsimulation</spirit:name>
        <spirit:displayName>Simulation</spirit:displayName>
        <spirit:envIdentifier>:vivado.xilinx.com:simulation</spirit:envIdentifier>
        <spirit:language>Verilog</spirit:language>
        <spirit:modelName>Top</spirit:modelName>
        <spirit:fileSetRef>
          <spirit:localName>xilinx_anylanguagebehavioralsimulation_view_fileset</spirit:localName>
        </spirit:fileSetRef>
        <spirit:parameters>
          <spirit:parameter>
            <spirit:name>viewChecksum</spirit:name>
            <spirit:value>90052b6f</spirit:value>
          </spirit:parameter>
        </spirit:parameters>
      </spirit:view>
      <spirit:view>
        <spirit:name>xilinx_xpgui</spirit:name>
        <spirit:displayName>UI Layout</spirit:displayName>
        <spirit:envIdentifier>:vivado.xilinx.com:xgui.ui</spirit:envIdentifier>
        <spirit:fileSetRef>
          <spirit:localName>xilinx_xpgui_view_fileset</spirit:localName>
        </spirit:fileSetRef>
        <spirit:parameters>
          <spirit:parameter>
            <spirit:name>viewChecksum</spirit:name>
            <spirit:value>f64a5dae</spirit:value>
          </spirit:parameter>
        </spirit:parameters>
      </spirit:view>
    </spirit:views>
    <spirit:ports>
      <spirit:port>
        <spirit:name>clk</spirit:name>
        <spirit:wire>
          <spirit:direction>in</spirit:direction>
          <spirit:wireTypeDefs>
            <spirit:wireTypeDef>
              <spirit:typeName>std_logic</spirit:typeName>
              <spirit:viewNameRef>xilinx_anylanguagesynthesis</spirit:viewNameRef>
              <spirit:viewNameRef>xilinx_anylanguagebehavioralsimulation</spirit:viewNameRef>
            </spirit:wireTypeDef>
          </spirit:wireTypeDefs>
        </spirit:wire>
      </spirit:port>
      <spirit:port>
        <spirit:name>rst</spirit:name>
        <spirit:wire>
          <spirit:direction>in</spirit:direction>
          <spirit:wireTypeDefs>
            <spirit:wireTypeDef>
              <spirit:typeName>std_logic</spirit:typeName>
              <spirit:viewNameRef>xilinx_anylanguagesynthesis</spirit:viewNameRef>
              <spirit:viewNameRef>xilinx_anylanguagebehavioralsimulation</spirit:viewNameRef>
            </spirit:wireTypeDef>
          </spirit:wireTypeDefs>
        </spirit:wire>
      </spirit:port>
      <spirit:port>
        <spirit:name>rgb</spirit:name>
        <spirit:wire>
          <spirit:direction>out</spirit:direction>
          <spirit:vector>
            <spirit:left spirit:format="long">11</spirit:left>
            <spirit:right spirit:format="long">0</spirit:right>
          </spirit:vector>
          <spirit:wireTypeDefs>
            <spirit:wireTypeDef>
              <spirit:typeName>std_logic_vector</spirit:typeName>
              <spirit:viewNameRef>xilinx_anylanguagesynthesis</spirit:viewNameRef>
              <spirit:viewNameRef>xilinx_anylanguagebehavioralsimulation</spirit:viewNameRef>
            </spirit:wireTypeDef>
          </spirit:wireTypeDefs>
        </spirit:wire>
      </spirit:port>
      <spirit:port>
        <spirit:name>vsync</spirit:name>
        <spirit:wire>
          <spirit:direction>out</spirit:direction>
          <spirit:wireTypeDefs>
            <spirit:wireTypeDef>
              <spirit:typeName>std_logic</spirit:typeName>
              <spirit:viewNameRef>xilinx_anylanguagesynthesis</spirit:viewNameRef>
              <spirit:viewNameRef>xilinx_anylanguagebehavioralsimulation</spirit:viewNameRef>
            </spirit:wireTypeDef>
          </spirit:wireTypeDefs>
        </spirit:wire>
      </spirit:port>
      <spirit:port>
        <spirit:name>hsync</spirit:name>
        <spirit:wire>
          <spirit:direction>out</spirit:direction>
          <spirit:wireTypeDefs>
            <spirit:wireTypeDef>
              <spirit:typeName>std_logic</spirit:typeName>
              <spirit:viewNameRef>xilinx_anylanguagesynthesis</spirit:viewNameRef>
              <spirit:viewNameRef>xilinx_anylanguagebehavioralsimulation</spirit:viewNameRef>
            </spirit:wireTypeDef>
          </spirit:wireTypeDefs>
        </spirit:wire>
      </spirit:port>
    </spirit:ports>
  </spirit:model>
  <spirit:fileSets>
    <spirit:fileSet>
      <spirit:name>xilinx_anylanguagesynthesis_view_fileset</spirit:name>
      <spirit:file>
        <spirit:name>constraints_labD.xdc</spirit:name>
        <spirit:userFileType>xdc</spirit:userFileType>
      </spirit:file>
      <spirit:file>
        <spirit:name>project_1/project_1.gen/sources_1/ip/clk_wiz_0/clk_wiz_0.xdc</spirit:name>
        <spirit:userFileType>xdc</spirit:userFileType>
      </spirit:file>
      <spirit:file>
        <spirit:name>project_1/project_1.gen/sources_1/ip/clk_wiz_0/clk_wiz_0_board.xdc</spirit:name>
        <spirit:userFileType>xdc</spirit:userFileType>
      </spirit:file>
      <spirit:file>
        <spirit:name>project_1/project_1.gen/sources_1/ip/clk_wiz_0/clk_wiz_0_ooc.xdc</spirit:name>
        <spirit:userFileType>xdc</spirit:userFileType>
      </spirit:file>
      <spirit:file>
        <spirit:name>project_1/project_1.runs/clk_wiz_0_synth_1/.Xil/clk_wiz_0_propImpl.xdc</spirit:name>
        <spirit:userFileType>xdc</spirit:userFileType>
      </spirit:file>
      <spirit:file>
        <spirit:name>project_1/project_1.runs/clk_wiz_0_synth_1/dont_touch.xdc</spirit:name>
        <spirit:userFileType>xdc</spirit:userFileType>
      </spirit:file>
      <spirit:file>
        <spirit:name>project_1/project_1.runs/synth_1/.Xil/Top_propImpl.xdc</spirit:name>
        <spirit:userFileType>xdc</spirit:userFileType>
      </spirit:file>
      <spirit:file>
        <spirit:name>test.v</spirit:name>
        <spirit:fileType>verilogSource</spirit:fileType>
      </spirit:file>
      <spirit:file>
        <spirit:name>Top.v</spirit:name>
        <spirit:fileType>verilogSource</spirit:fileType>
      </spirit:file>
      <spirit:file>
        <spirit:name>project_1/project_1.gen/sources_1/ip/clk_wiz_0/clk_wiz_0.v</spirit:name>
        <spirit:fileType>verilogSource</spirit:fileType>
      </spirit:file>
      <spirit:file>
        <spirit:name>project_1/project_1.gen/sources_1/ip/clk_wiz_0/clk_wiz_0_clk_wiz.v</spirit:name>
        <spirit:fileType>verilogSource</spirit:fileType>
      </spirit:file>
      <spirit:file>
        <spirit:name>project_1/project_1.gen/sources_1/ip/clk_wiz_0/mmcm_pll_drp_func_7s_mmcm.vh</spirit:name>
        <spirit:fileType>verilogSource</spirit:fileType>
        <spirit:isIncludeFile>true</spirit:isIncludeFile>
      </spirit:file>
      <spirit:file>
        <spirit:name>project_1/project_1.gen/sources_1/ip/clk_wiz_0/mmcm_pll_drp_func_7s_pll.vh</spirit:name>
        <spirit:fileType>verilogSource</spirit:fileType>
        <spirit:isIncludeFile>true</spirit:isIncludeFile>
      </spirit:file>
      <spirit:file>
        <spirit:name>project_1/project_1.gen/sources_1/ip/clk_wiz_0/mmcm_pll_drp_func_us_mmcm.vh</spirit:name>
        <spirit:fileType>verilogSource</spirit:fileType>
        <spirit:isIncludeFile>true</spirit:isIncludeFile>
      </spirit:file>
      <spirit:file>
        <spirit:name>project_1/project_1.gen/sources_1/ip/clk_wiz_0/mmcm_pll_drp_func_us_pll.vh</spirit:name>
        <spirit:fileType>verilogSource</spirit:fileType>
        <spirit:isIncludeFile>true</spirit:isIncludeFile>
      </spirit:file>
      <spirit:file>
        <spirit:name>project_1/project_1.gen/sources_1/ip/clk_wiz_0/mmcm_pll_drp_func_us_plus_mmcm.vh</spirit:name>
        <spirit:fileType>verilogSource</spirit:fileType>
        <spirit:isIncludeFile>true</spirit:isIncludeFile>
      </spirit:file>
      <spirit:file>
        <spirit:name>project_1/project_1.gen/sources_1/ip/clk_wiz_0/mmcm_pll_drp_func_us_plus_pll.vh</spirit:name>
        <spirit:fileType>verilogSource</spirit:fileType>
        <spirit:isIncludeFile>true</spirit:isIncludeFile>
      </spirit:file>
      <spirit:file>
        <spirit:name>project_1/project_1.ip_user_files/ipstatic/mmcm_pll_drp_func_7s_mmcm.vh</spirit:name>
        <spirit:fileType>verilogSource</spirit:fileType>
        <spirit:isIncludeFile>true</spirit:isIncludeFile>
      </spirit:file>
      <spirit:file>
        <spirit:name>project_1/project_1.ip_user_files/ipstatic/mmcm_pll_drp_func_7s_pll.vh</spirit:name>
        <spirit:fileType>verilogSource</spirit:fileType>
        <spirit:isIncludeFile>true</spirit:isIncludeFile>
      </spirit:file>
      <spirit:file>
        <spirit:name>project_1/project_1.ip_user_files/ipstatic/mmcm_pll_drp_func_us_mmcm.vh</spirit:name>
        <spirit:fileType>verilogSource</spirit:fileType>
        <spirit:isIncludeFile>true</spirit:isIncludeFile>
      </spirit:file>
      <spirit:file>
        <spirit:name>project_1/project_1.ip_user_files/ipstatic/mmcm_pll_drp_func_us_pll.vh</spirit:name>
        <spirit:fileType>verilogSource</spirit:fileType>
        <spirit:isIncludeFile>true</spirit:isIncludeFile>
      </spirit:file>
      <spirit:file>
        <spirit:name>project_1/project_1.ip_user_files/ipstatic/mmcm_pll_drp_func_us_plus_mmcm.vh</spirit:name>
        <spirit:fileType>verilogSource</spirit:fileType>
        <spirit:isIncludeFile>true</spirit:isIncludeFile>
      </spirit:file>
      <spirit:file>
        <spirit:name>project_1/project_1.ip_user_files/ipstatic/mmcm_pll_drp_func_us_plus_pll.vh</spirit:name>
        <spirit:fileType>verilogSource</spirit:fileType>
        <spirit:isIncludeFile>true</spirit:isIncludeFile>
      </spirit:file>
      <spirit:file>
        <spirit:name>project_1/project_1.ip_user_files/sim_scripts/clk_wiz_0/activehdl/glbl.v</spirit:name>
        <spirit:fileType>verilogSource</spirit:fileType>
      </spirit:file>
      <spirit:file>
        <spirit:name>project_1/project_1.ip_user_files/sim_scripts/clk_wiz_0/modelsim/glbl.v</spirit:name>
        <spirit:fileType>verilogSource</spirit:fileType>
      </spirit:file>
      <spirit:file>
        <spirit:name>project_1/project_1.ip_user_files/sim_scripts/clk_wiz_0/questa/glbl.v</spirit:name>
        <spirit:fileType>verilogSource</spirit:fileType>
      </spirit:file>
      <spirit:file>
        <spirit:name>project_1/project_1.ip_user_files/sim_scripts/clk_wiz_0/riviera/glbl.v</spirit:name>
        <spirit:fileType>verilogSource</spirit:fileType>
      </spirit:file>
      <spirit:file>
        <spirit:name>project_1/project_1.ip_user_files/sim_scripts/clk_wiz_0/vcs/glbl.v</spirit:name>
        <spirit:fileType>verilogSource</spirit:fileType>
      </spirit:file>
      <spirit:file>
        <spirit:name>project_1/project_1.ip_user_files/sim_scripts/clk_wiz_0/xcelium/glbl.v</spirit:name>
        <spirit:fileType>verilogSource</spirit:fileType>
      </spirit:file>
      <spirit:file>
        <spirit:name>project_1/project_1.ip_user_files/sim_scripts/clk_wiz_0/xsim/glbl.v</spirit:name>
        <spirit:fileType>verilogSource</spirit:fileType>
        <spirit:userFileType>CHECKSUM_964c0672</spirit:userFileType>
      </spirit:file>
    </spirit:fileSet>
    <spirit:fileSet>
      <spirit:name>xilinx_anylanguagebehavioralsimulation_view_fileset</spirit:name>
      <spirit:file>
        <spirit:name>test.v</spirit:name>
        <spirit:fileType>verilogSource</spirit:fileType>
      </spirit:file>
      <spirit:file>
        <spirit:name>Top.v</spirit:name>
        <spirit:fileType>verilogSource</spirit:fileType>
      </spirit:file>
      <spirit:file>
        <spirit:name>project_1/project_1.gen/sources_1/ip/clk_wiz_0/clk_wiz_0.v</spirit:name>
        <spirit:fileType>verilogSource</spirit:fileType>
      </spirit:file>
      <spirit:file>
        <spirit:name>project_1/project_1.gen/sources_1/ip/clk_wiz_0/clk_wiz_0_clk_wiz.v</spirit:name>
        <spirit:fileType>verilogSource</spirit:fileType>
      </spirit:file>
      <spirit:file>
        <spirit:name>project_1/project_1.gen/sources_1/ip/clk_wiz_0/mmcm_pll_drp_func_7s_mmcm.vh</spirit:name>
        <spirit:fileType>verilogSource</spirit:fileType>
        <spirit:isIncludeFile>true</spirit:isIncludeFile>
      </spirit:file>
      <spirit:file>
        <spirit:name>project_1/project_1.gen/sources_1/ip/clk_wiz_0/mmcm_pll_drp_func_7s_pll.vh</spirit:name>
        <spirit:fileType>verilogSource</spirit:fileType>
        <spirit:isIncludeFile>true</spirit:isIncludeFile>
      </spirit:file>
      <spirit:file>
        <spirit:name>project_1/project_1.gen/sources_1/ip/clk_wiz_0/mmcm_pll_drp_func_us_mmcm.vh</spirit:name>
        <spirit:fileType>verilogSource</spirit:fileType>
        <spirit:isIncludeFile>true</spirit:isIncludeFile>
      </spirit:file>
      <spirit:file>
        <spirit:name>project_1/project_1.gen/sources_1/ip/clk_wiz_0/mmcm_pll_drp_func_us_pll.vh</spirit:name>
        <spirit:fileType>verilogSource</spirit:fileType>
        <spirit:isIncludeFile>true</spirit:isIncludeFile>
      </spirit:file>
      <spirit:file>
        <spirit:name>project_1/project_1.gen/sources_1/ip/clk_wiz_0/mmcm_pll_drp_func_us_plus_mmcm.vh</spirit:name>
        <spirit:fileType>verilogSource</spirit:fileType>
        <spirit:isIncludeFile>true</spirit:isIncludeFile>
      </spirit:file>
      <spirit:file>
        <spirit:name>project_1/project_1.gen/sources_1/ip/clk_wiz_0/mmcm_pll_drp_func_us_plus_pll.vh</spirit:name>
        <spirit:fileType>verilogSource</spirit:fileType>
        <spirit:isIncludeFile>true</spirit:isIncludeFile>
      </spirit:file>
      <spirit:file>
        <spirit:name>project_1/project_1.ip_user_files/ipstatic/mmcm_pll_drp_func_7s_mmcm.vh</spirit:name>
        <spirit:fileType>verilogSource</spirit:fileType>
        <spirit:isIncludeFile>true</spirit:isIncludeFile>
      </spirit:file>
      <spirit:file>
        <spirit:name>project_1/project_1.ip_user_files/ipstatic/mmcm_pll_drp_func_7s_pll.vh</spirit:name>
        <spirit:fileType>verilogSource</spirit:fileType>
        <spirit:isIncludeFile>true</spirit:isIncludeFile>
      </spirit:file>
      <spirit:file>
        <spirit:name>project_1/project_1.ip_user_files/ipstatic/mmcm_pll_drp_func_us_mmcm.vh</spirit:name>
        <spirit:fileType>verilogSource</spirit:fileType>
        <spirit:isIncludeFile>true</spirit:isIncludeFile>
      </spirit:file>
      <spirit:file>
        <spirit:name>project_1/project_1.ip_user_files/ipstatic/mmcm_pll_drp_func_us_pll.vh</spirit:name>
        <spirit:fileType>verilogSource</spirit:fileType>
        <spirit:isIncludeFile>true</spirit:isIncludeFile>
      </spirit:file>
      <spirit:file>
        <spirit:name>project_1/project_1.ip_user_files/ipstatic/mmcm_pll_drp_func_us_plus_mmcm.vh</spirit:name>
        <spirit:fileType>verilogSource</spirit:fileType>
        <spirit:isIncludeFile>true</spirit:isIncludeFile>
      </spirit:file>
      <spirit:file>
        <spirit:name>project_1/project_1.ip_user_files/ipstatic/mmcm_pll_drp_func_us_plus_pll.vh</spirit:name>
        <spirit:fileType>verilogSource</spirit:fileType>
        <spirit:isIncludeFile>true</spirit:isIncludeFile>
      </spirit:file>
      <spirit:file>
        <spirit:name>project_1/project_1.ip_user_files/sim_scripts/clk_wiz_0/activehdl/glbl.v</spirit:name>
        <spirit:fileType>verilogSource</spirit:fileType>
      </spirit:file>
      <spirit:file>
        <spirit:name>project_1/project_1.ip_user_files/sim_scripts/clk_wiz_0/modelsim/glbl.v</spirit:name>
        <spirit:fileType>verilogSource</spirit:fileType>
      </spirit:file>
      <spirit:file>
        <spirit:name>project_1/project_1.ip_user_files/sim_scripts/clk_wiz_0/questa/glbl.v</spirit:name>
        <spirit:fileType>verilogSource</spirit:fileType>
      </spirit:file>
      <spirit:file>
        <spirit:name>project_1/project_1.ip_user_files/sim_scripts/clk_wiz_0/riviera/glbl.v</spirit:name>
        <spirit:fileType>verilogSource</spirit:fileType>
      </spirit:file>
      <spirit:file>
        <spirit:name>project_1/project_1.ip_user_files/sim_scripts/clk_wiz_0/vcs/glbl.v</spirit:name>
        <spirit:fileType>verilogSource</spirit:fileType>
      </spirit:file>
      <spirit:file>
        <spirit:name>project_1/project_1.ip_user_files/sim_scripts/clk_wiz_0/xcelium/glbl.v</spirit:name>
        <spirit:fileType>verilogSource</spirit:fileType>
      </spirit:file>
      <spirit:file>
        <spirit:name>project_1/project_1.ip_user_files/sim_scripts/clk_wiz_0/xsim/glbl.v</spirit:name>
        <spirit:fileType>verilogSource</spirit:fileType>
      </spirit:file>
    </spirit:fileSet>
    <spirit:fileSet>
      <spirit:name>xilinx_xpgui_view_fileset</spirit:name>
      <spirit:file>
        <spirit:name>xgui/Top_v1_0.tcl</spirit:name>
        <spirit:fileType>tclSource</spirit:fileType>
        <spirit:userFileType>CHECKSUM_f64a5dae</spirit:userFileType>
        <spirit:userFileType>XGUI_VERSION_2</spirit:userFileType>
      </spirit:file>
    </spirit:fileSet>
  </spirit:fileSets>
  <spirit:description>Top_v1_0</spirit:description>
  <spirit:parameters>
    <spirit:parameter>
      <spirit:name>Component_Name</spirit:name>
      <spirit:value spirit:resolve="user" spirit:id="PARAM_VALUE.Component_Name" spirit:order="1">Top_v1_0</spirit:value>
    </spirit:parameter>
  </spirit:parameters>
  <spirit:vendorExtensions>
    <xilinx:coreExtensions>
      <xilinx:supportedFamilies>
        <xilinx:family xilinx:lifeCycle="Production">kintex7</xilinx:family>
        <xilinx:family xilinx:lifeCycle="Production">kintex7l</xilinx:family>
      </xilinx:supportedFamilies>
      <xilinx:taxonomies>
        <xilinx:taxonomy>/UserIP</xilinx:taxonomy>
      </xilinx:taxonomies>
      <xilinx:displayName>Top_v1_0</xilinx:displayName>
      <xilinx:definitionSource>package_project</xilinx:definitionSource>
      <xilinx:xpmLibraries>
        <xilinx:xpmLibrary>XPM_CDC</xilinx:xpmLibrary>
      </xilinx:xpmLibraries>
      <xilinx:coreRevision>1</xilinx:coreRevision>
      <xilinx:coreCreationDateTime>2023-12-23T07:48:36Z</xilinx:coreCreationDateTime>
      <xilinx:tags>
        <xilinx:tag xilinx:name="nopcore"/>
      </xilinx:tags>
    </xilinx:coreExtensions>
    <xilinx:packagingInfo>
      <xilinx:xilinxVersion>2023.1</xilinx:xilinxVersion>
      <xilinx:checksum xilinx:scope="busInterfaces" xilinx:value="25031715"/>
      <xilinx:checksum xilinx:scope="fileGroups" xilinx:value="2011c45c"/>
      <xilinx:checksum xilinx:scope="ports" xilinx:value="6c750a8d"/>
      <xilinx:checksum xilinx:scope="parameters" xilinx:value="bdb6a363"/>
    </xilinx:packagingInfo>
  </spirit:vendorExtensions>
</spirit:component>
